﻿<?xml version="1.0" encoding="utf-8" ?>
<Defs>
  <FactionDef Name="BirdFactionBase" Abstract="True">
    <goodwillDailyGain>0.20</goodwillDailyGain>
    <goodwillDailyFall>0.40</goodwillDailyFall>
    <factionIconPath>WorldIcon/BirdIcon1</factionIconPath>
    <settlementTexturePath>World/WorldObjects/DefaultSettlement</settlementTexturePath>
  </FactionDef>



  <FactionDef ParentName="BirdFactionBase">
    <defName>Avian_Union</defName>
    <label>avian union</label>
    <description>Avian's Country</description>
    <categoryTag>Outlander</categoryTag>
    <listOrderPriority>29</listOrderPriority>
    <settlementGenerationWeight>1</settlementGenerationWeight>
    <requiredCountAtGameStart>1</requiredCountAtGameStart>
    <canMakeRandomly>true</canMakeRandomly>
    <canSiege>true</canSiege>
    <canStageAttacks>true</canStageAttacks>
    <leaderTitle>prime councilor</leaderTitle>
		<fixedName>Avian Union</fixedName>
    <pawnSingular>outlander</pawnSingular>
    <pawnsPlural>outlanders</pawnsPlural>
    <factionNameMaker>NamerFactionOutlander</factionNameMaker>
		<settlementNameMaker>NamerSettlementOutlander</settlementNameMaker>
		<techLevel>Spacer</techLevel>
    <backstoryFilters>
      <li>
        <categories>
          <li>Outlander</li>
        </categories>
        <commonality>0.35</commonality>
      </li>
      <li>
        <categories>
          <li>Offworld</li>
        </categories>
        <commonality>0.05</commonality>
      </li>
      <li>
        <categories>
          <li>Tribal</li>
        </categories>
        <commonality>0.60</commonality>
      </li>
    </backstoryFilters>
		<geneticVariance>0.8</geneticVariance>
		<hairTags>
			<li>Rural</li>
		</hairTags>
    <caravanTraderKinds>
      <li>Caravan_Outlander_BulkGoods</li>
      <li>Caravan_Outlander_CombatSupplier</li>
      <li>Caravan_Outlander_Exotic</li>
      <li>Caravan_Outlander_PirateMerchant</li>
    </caravanTraderKinds>
    <visitorTraderKinds>
      <li>Visitor_Outlander_Standard</li>
    </visitorTraderKinds>
    <baseTraderKinds>
      <li>Base_Outlander_Standard</li>
    </baseTraderKinds>
    <allowedArrivalTemperatureRange>
      <min>-40</min>
      <max>45</max>
    </allowedArrivalTemperatureRange>
    <maxPawnCostPerTotalPointsCurve>
      <points>
        <li>(0,35)</li>
        <li>(70, 50)</li>
        <li>(700, 100)</li>
        <li>(1300, 150)</li>
        <li>(100000, 10000)</li>
      </points>
    </maxPawnCostPerTotalPointsCurve>
    <pawnGroupMakers>
      <li>
        <!-- Normal fights, standard mix -->
        <kindDef>Combat</kindDef>
        <options>
	  <Owl_Villager>5</Owl_Villager>
          <Owl_Town_Guard>10</Owl_Town_Guard>
          <Owl_Grenadier_Destructive>1.5</Owl_Grenadier_Destructive>
	  <Owl_Mercenary_Slasher>7</Owl_Mercenary_Slasher>
	  <Owl_Mercenary_Gunner>10</Owl_Mercenary_Gunner>
	  <Owl_Mercenary_Elite>10</Owl_Mercenary_Elite>
          <Owl_Town_Councilman>10</Owl_Town_Councilman>
	  <Vulture_Villager>5</Vulture_Villager>
          <Vulture_Town_Guard>10</Vulture_Town_Guard>
          <Vulture_Grenadier_Destructive>1.5</Vulture_Grenadier_Destructive>
	  <Vulture_Mercenary_Slasher>7</Vulture_Mercenary_Slasher>
	  <Vulture_Mercenary_Gunner>10</Vulture_Mercenary_Gunner>
	  <Vulture_Mercenary_Elite>10</Vulture_Mercenary_Elite>
          <Vulture_Town_Councilman>10</Vulture_Town_Councilman>
          <Chicken_Tribal_Penitent>5</Chicken_Tribal_Penitent>
          <Chicken_Tribal_Warrior>5</Chicken_Tribal_Warrior>
          <Chicken_Tribal_Archer>10</Chicken_Tribal_Archer>
          <Chicken_Tribal_Hunter>10</Chicken_Tribal_Hunter>
          <Chicken_Tribal_HeavyArcher>10</Chicken_Tribal_HeavyArcher>
          <Chicken_Tribal_Berserker>5</Chicken_Tribal_Berserker>
          <Chicken_Tribal_ChiefRanged>3</Chicken_Tribal_ChiefRanged>
          <Chicken_Tribal_ChiefMelee>1.5</Chicken_Tribal_ChiefMelee>
          <Cassowary_Tribal_Penitent>5</Cassowary_Tribal_Penitent>
          <Cassowary_Tribal_Warrior>5</Cassowary_Tribal_Warrior>
          <Cassowary_Tribal_Archer>10</Cassowary_Tribal_Archer>
          <Cassowary_Tribal_Hunter>10</Cassowary_Tribal_Hunter>
          <Cassowary_Tribal_HeavyArcher>10</Cassowary_Tribal_HeavyArcher>
          <Cassowary_Tribal_Berserker>5</Cassowary_Tribal_Berserker>
          <Cassowary_Tribal_ChiefRanged>3</Cassowary_Tribal_ChiefRanged>
          <Cassowary_Tribal_ChiefMelee>1.5</Cassowary_Tribal_ChiefMelee>
          <Parrot_Drifter>10</Parrot_Drifter>
	  <Parrot_Thrasher>3</Parrot_Thrasher>
          <Parrot_Scavenger>10</Parrot_Scavenger>
          <Parrot_Pirate>10</Parrot_Pirate>
          <Parrot_Grenadier_EMP>0.5</Parrot_Grenadier_EMP>
          <Parrot_Grenadier_Destructive>2</Parrot_Grenadier_Destructive>
          <Parrot_Mercenary_Gunner>10</Parrot_Mercenary_Gunner>
          <Parrot_Mercenary_Heavy>6</Parrot_Mercenary_Heavy>
          <Parrot_Mercenary_Slasher>3</Parrot_Mercenary_Slasher>
          <Parrot_Mercenary_Sniper>7</Parrot_Mercenary_Sniper>
          <Parrot_Mercenary_Elite>10</Parrot_Mercenary_Elite>
          <Parrot_PirateBoss>5</Parrot_PirateBoss>
          <Dodo_Tribal_Penitent>5</Dodo_Tribal_Penitent>
          <Dodo_Tribal_Warrior>5</Dodo_Tribal_Warrior>
          <Dodo_Tribal_Archer>10</Dodo_Tribal_Archer>
          <Dodo_Tribal_Hunter>10</Dodo_Tribal_Hunter>
          <Dodo_Tribal_HeavyArcher>10</Dodo_Tribal_HeavyArcher>
          <Dodo_Tribal_Berserker>5</Dodo_Tribal_Berserker>
          <Dodo_Tribal_ChiefRanged>3</Dodo_Tribal_ChiefRanged>
          <Dodo_Tribal_ChiefMelee>1.5</Dodo_Tribal_ChiefMelee>
          <Penguin_Drifter>10</Penguin_Drifter>
	  <Penguin_Thrasher>3</Penguin_Thrasher>
          <Penguin_Scavenger>10</Penguin_Scavenger>
          <Penguin_Pirate>10</Penguin_Pirate>
          <Penguin_Grenadier_EMP>0.5</Penguin_Grenadier_EMP>
          <Penguin_Grenadier_Destructive>2</Penguin_Grenadier_Destructive>
          <Penguin_Mercenary_Gunner>10</Penguin_Mercenary_Gunner>
          <Penguin_Mercenary_Heavy>6</Penguin_Mercenary_Heavy>
          <Penguin_Mercenary_Slasher>3</Penguin_Mercenary_Slasher>
          <Penguin_Mercenary_Sniper>7</Penguin_Mercenary_Sniper>
          <Penguin_Mercenary_Elite>10</Penguin_Mercenary_Elite>
          <Penguin_PirateBoss>5</Penguin_PirateBoss>
        </options>
      </li>
      <li>
        <kindDef>Peaceful</kindDef>
        <options>
          <Owl_Villager>20</Owl_Villager>
          <Owl_Town_Guard>10</Owl_Town_Guard>
          <Owl_Town_Councilman>10</Owl_Town_Councilman>
          <Vulture_Villager>20</Vulture_Villager>
          <Vulture_Town_Guard>10</Vulture_Town_Guard>
          <Vulture_Town_Councilman>10</Vulture_Town_Councilman>
          <Chicken_Tribal_Warrior>20</Chicken_Tribal_Warrior>
          <Chicken_Tribal_Archer>10</Chicken_Tribal_Archer>
          <Chicken_Tribal_Hunter>10</Chicken_Tribal_Hunter>
          <Chicken_Tribal_HeavyArcher>10</Chicken_Tribal_HeavyArcher>
          <Chicken_Tribal_Berserker>5</Chicken_Tribal_Berserker>
          <Chicken_Tribal_ChiefRanged>3</Chicken_Tribal_ChiefRanged>
          <Chicken_Tribal_ChiefMelee>1.5</Chicken_Tribal_ChiefMelee>
          <Cassowary_Tribal_Warrior>20</Cassowary_Tribal_Warrior>
          <Cassowary_Tribal_Archer>10</Cassowary_Tribal_Archer>
          <Cassowary_Tribal_Hunter>10</Cassowary_Tribal_Hunter>
          <Cassowary_Tribal_HeavyArcher>10</Cassowary_Tribal_HeavyArcher>
          <Cassowary_Tribal_Berserker>5</Cassowary_Tribal_Berserker>
          <Cassowary_Tribal_ChiefRanged>3</Cassowary_Tribal_ChiefRanged>
          <Cassowary_Tribal_ChiefMelee>1.5</Cassowary_Tribal_ChiefMelee>
          <Dodo_Tribal_Warrior>20</Dodo_Tribal_Warrior>
          <Dodo_Tribal_Archer>10</Dodo_Tribal_Archer>
          <Dodo_Tribal_Hunter>10</Dodo_Tribal_Hunter>
          <Dodo_Tribal_HeavyArcher>10</Dodo_Tribal_HeavyArcher>
          <Dodo_Tribal_Berserker>5</Dodo_Tribal_Berserker>
          <Dodo_Tribal_ChiefRanged>3</Dodo_Tribal_ChiefRanged>
          <Dodo_Tribal_ChiefMelee>1.5</Dodo_Tribal_ChiefMelee>
        </options>
      </li>
      <li>
        <kindDef>Trader</kindDef>
        <traders>
          <Owl_Town_Trader>1</Owl_Town_Trader>
        </traders>
        <carriers>
          <Muffalo>6</Muffalo>
          <Dromedary>5</Dromedary>
          <Alpaca>2</Alpaca>
          <Elephant>1</Elephant>
        </carriers>
        <guards>
          <Owl_Villager>3</Owl_Villager>
          <Owl_Town_Guard>10</Owl_Town_Guard>
          <Owl_Grenadier_Destructive>1.5</Owl_Grenadier_Destructive>
          <Owl_Mercenary_Slasher>7</Owl_Mercenary_Slasher>
          <Owl_Mercenary_Gunner>10</Owl_Mercenary_Gunner>
	  <Owl_Mercenary_Elite>10</Owl_Mercenary_Elite>
          <Vulture_Villager>3</Vulture_Villager>
          <Vulture_Town_Guard>10</Vulture_Town_Guard>
          <Vulture_Grenadier_Destructive>1.5</Vulture_Grenadier_Destructive>
          <Vulture_Mercenary_Slasher>7</Vulture_Mercenary_Slasher>
          <Vulture_Mercenary_Gunner>10</Vulture_Mercenary_Gunner>
	  <Vulture_Mercenary_Elite>10</Vulture_Mercenary_Elite>
          <Chicken_Tribal_Warrior>7</Chicken_Tribal_Warrior>
          <Chicken_Tribal_Archer>10</Chicken_Tribal_Archer>
          <Chicken_Tribal_Hunter>10</Chicken_Tribal_Hunter>
          <Chicken_Tribal_HeavyArcher>10</Chicken_Tribal_HeavyArcher>
          <Chicken_Tribal_Berserker>7</Chicken_Tribal_Berserker>
          <Cassowary_Tribal_Warrior>7</Cassowary_Tribal_Warrior>
          <Cassowary_Tribal_Archer>10</Cassowary_Tribal_Archer>
          <Cassowary_Tribal_Hunter>10</Cassowary_Tribal_Hunter>
          <Cassowary_Tribal_HeavyArcher>10</Cassowary_Tribal_HeavyArcher>
          <Cassowary_Tribal_Berserker>7</Cassowary_Tribal_Berserker>
          <Dodo_Tribal_Warrior>7</Dodo_Tribal_Warrior>
          <Dodo_Tribal_Archer>10</Dodo_Tribal_Archer>
          <Dodo_Tribal_Hunter>10</Dodo_Tribal_Hunter>
          <Dodo_Tribal_HeavyArcher>10</Dodo_Tribal_HeavyArcher>
          <Dodo_Tribal_Berserker>7</Dodo_Tribal_Berserker>
				</guards>
      </li>
      <li>
        <kindDef>Settlement</kindDef>
        <options>
	  <Owl_Villager>10</Owl_Villager>
          <Owl_Town_Guard>10</Owl_Town_Guard>
          <Owl_Grenadier_Destructive>1.5</Owl_Grenadier_Destructive>
	  <Owl_Mercenary_Slasher>7</Owl_Mercenary_Slasher>
          <Owl_Mercenary_Gunner>10</Owl_Mercenary_Gunner>
          <Owl_Mercenary_Elite>10</Owl_Mercenary_Elite>
          <Owl_Town_Councilman>10</Owl_Town_Councilman>
	  <Vulture_Villager>10</Vulture_Villager>
          <Vulture_Town_Guard>10</Vulture_Town_Guard>
          <Vulture_Grenadier_Destructive>1.5</Vulture_Grenadier_Destructive>
	  <Vulture_Mercenary_Slasher>7</Vulture_Mercenary_Slasher>
          <Vulture_Mercenary_Gunner>10</Vulture_Mercenary_Gunner>
          <Vulture_Mercenary_Elite>10</Vulture_Mercenary_Elite>
          <Vulture_Town_Councilman>10</Vulture_Town_Councilman>
          <Chicken_Tribal_Warrior>7</Chicken_Tribal_Warrior>
          <Chicken_Tribal_Archer>10</Chicken_Tribal_Archer>
          <Chicken_Tribal_Hunter>10</Chicken_Tribal_Hunter>
          <Chicken_Tribal_HeavyArcher>10</Chicken_Tribal_HeavyArcher>
          <Chicken_Tribal_Berserker>7</Chicken_Tribal_Berserker>
          <Chicken_Tribal_ChiefRanged>10</Chicken_Tribal_ChiefRanged>
          <Cassowary_Tribal_Warrior>7</Cassowary_Tribal_Warrior>
          <Cassowary_Tribal_Archer>10</Cassowary_Tribal_Archer>
          <Cassowary_Tribal_Hunter>10</Cassowary_Tribal_Hunter>
          <Cassowary_Tribal_HeavyArcher>10</Cassowary_Tribal_HeavyArcher>
          <Cassowary_Tribal_Berserker>7</Cassowary_Tribal_Berserker>
          <Cassowary_Tribal_ChiefRanged>10</Cassowary_Tribal_ChiefRanged>
          <Parrot_Thrasher>3</Parrot_Thrasher>
          <Parrot_Pirate>10</Parrot_Pirate>
          <Parrot_Grenadier_Destructive>2</Parrot_Grenadier_Destructive>
	  <Parrot_Mercenary_Slasher>3</Parrot_Mercenary_Slasher>
	  <Parrot_Mercenary_Sniper>10</Parrot_Mercenary_Sniper>
	  <Parrot_Mercenary_Gunner>10</Parrot_Mercenary_Gunner>
	  <Parrot_Mercenary_Elite>10</Parrot_Mercenary_Elite>
          <Parrot_PirateBoss>10</Parrot_PirateBoss>
          <Dodo_Tribal_Warrior>7</Dodo_Tribal_Warrior>
          <Dodo_Tribal_Archer>10</Dodo_Tribal_Archer>
          <Dodo_Tribal_Hunter>10</Dodo_Tribal_Hunter>
          <Dodo_Tribal_HeavyArcher>10</Dodo_Tribal_HeavyArcher>
          <Dodo_Tribal_Berserker>7</Dodo_Tribal_Berserker>
          <Dodo_Tribal_ChiefRanged>10</Dodo_Tribal_ChiefRanged>
          <Penguin_Thrasher>3</Penguin_Thrasher>
          <Penguin_Pirate>10</Penguin_Pirate>
          <Penguin_Grenadier_Destructive>2</Penguin_Grenadier_Destructive>
	  <Penguin_Mercenary_Slasher>3</Penguin_Mercenary_Slasher>
	  <Penguin_Mercenary_Sniper>10</Penguin_Mercenary_Sniper>
	  <Penguin_Mercenary_Gunner>10</Penguin_Mercenary_Gunner>
	  <Penguin_Mercenary_Elite>10</Penguin_Mercenary_Elite>
          <Penguin_PirateBoss>10</Penguin_PirateBoss>
        </options>
      </li>
    </pawnGroupMakers>
    <colorSpectrum>
      <li>(0.90, 0.50, 0.60)</li>
      <li>(1.00, 0.70, 0.80)</li>
    </colorSpectrum>
    <startingGoodwill>
      <min>0</min>
      <max>0</max>
    </startingGoodwill>
    <naturalColonyGoodwill>
      <min>-80</min>
      <max>80</max>
    </naturalColonyGoodwill>
  </FactionDef>

</Defs>