﻿<?xml version="1.0" encoding="utf-8" ?>
<Defs>

<!--  <FactionDef Abstract="True" Name="BirdPlayerFactionBase">
    <homeIconPath>WorldIcon/BirdIcon1</homeIconPath>
    <colorSpectrum>
      <li>(0, 0.737, 0.847)</li>
    </colorSpectrum>
  </FactionDef>-->

<!--  <FactionDef ParentName="BirdPlayerFactionBase">
    <defName>Owl_PlayerColony</defName>
    <label>Owl New Arrivals</label>
    <description>A colony of recently-arrived off-worlders.</description>
    <isPlayer>true</isPlayer>
    <basicMemberKind>Owl_Colonist</basicMemberKind>
    <pawnSingular>Owl_colonist</pawnSingular>
    <pawnsPlural>Owl_colonists</pawnsPlural>
    <techLevel>Industrial</techLevel>
    <backstoryCategories>
      <li>Civil</li>
    </backstoryCategories>
    <expandingIconTexture>World/WorldObjects/Expanding/Town</expandingIconTexture>
    <playerInitialSettlementNameMaker>NamerInitialSettlementColony</playerInitialSettlementNameMaker>
		<factionNameMaker>NamerFactionOutlander</factionNameMaker>
    <settlementNameMaker>NamerSettlementOutlander</settlementNameMaker>
    <geneticVariance>1</geneticVariance>
		<startingResearchTags>
			<li>ClassicStart</li>
		</startingResearchTags>
		<hairTags>
			<li>Urban</li>
		</hairTags>
		<apparelStuffFilter>
			<thingDefs>
				<li>Synthread</li>
			</thingDefs>
		</apparelStuffFilter>
  </FactionDef>-->

<!--  <FactionDef ParentName="BirdPlayerFactionBase">
    <defName>Vulture_PlayerColony</defName>
    <label>Vulture New Arrivals</label>
    <description>A colony of recently-arrived off-worlders.</description>
    <isPlayer>true</isPlayer>
    <basicMemberKind>Vulture_Colonist</basicMemberKind>
    <pawnSingular>Vulture_colonist</pawnSingular>
    <pawnsPlural>Vulture_colonists</pawnsPlural>
    <techLevel>Industrial</techLevel>
    <backstoryCategories>
      <li>Civil</li>
    </backstoryCategories>
    <expandingIconTexture>World/WorldObjects/Expanding/Town</expandingIconTexture>
    <playerInitialSettlementNameMaker>NamerInitialSettlementColony</playerInitialSettlementNameMaker>
		<factionNameMaker>NamerFactionOutlander</factionNameMaker>
    <settlementNameMaker>NamerSettlementOutlander</settlementNameMaker>
    <geneticVariance>1</geneticVariance>
		<startingResearchTags>
			<li>ClassicStart</li>
		</startingResearchTags>
		<hairTags>
			<li>Urban</li>
		</hairTags>
		<apparelStuffFilter>
			<thingDefs>
				<li>Synthread</li>
			</thingDefs>
		</apparelStuffFilter>
  </FactionDef>-->
  
  <FactionDef ParentName="BirdPlayerFactionBase">
    <defName>Dodo_PlayerTribe</defName>
    <label>Dodo New Tribe</label>
    <description>A small tribe.</description>
    <isPlayer>true</isPlayer>
    <pawnSingular>Dodo_tribesman</pawnSingular>
    <pawnsPlural>Dodo_tribespeople</pawnsPlural>
    <basicMemberKind>Dodo_Tribesperson</basicMemberKind>
		<techLevel>Neolithic</techLevel>
		<backstoryCategories>
			<li>Tribal</li>
		</backstoryCategories>
		<expandingIconTexture>World/WorldObjects/Expanding/Village</expandingIconTexture>
		<homeIconPath>World/WorldObjects/TribalSettlement</homeIconPath>
		<pawnNameMaker>NamerPersonTribal</pawnNameMaker>
    <playerInitialSettlementNameMaker>NamerInitialSettlementColony</playerInitialSettlementNameMaker>
    <factionNameMaker>NamerFactionTribal</factionNameMaker>
    <settlementNameMaker>NamerSettlementTribal</settlementNameMaker>
		<geneticVariance>1</geneticVariance>
    <forageabilityFactor>1.7</forageabilityFactor>
		<startingResearchTags>
      <li>TribalStart</li>
    </startingResearchTags>
    <hairTags>
      <li>Tribal</li>
    </hairTags>
    <apparelStuffFilter>
      <thingDefs>
        <li>Cloth</li>
      </thingDefs>
    </apparelStuffFilter>
    <recipePrerequisiteTags>
      <li>Tribal</li>
    </recipePrerequisiteTags>
    </FactionDef>

<!--  <FactionDef ParentName="BirdPlayerFactionBase">
    <defName>Cassowary_PlayerTribe</defName>
    <label>Cassowary New Tribe</label>
    <description>A small tribe.</description>
    <isPlayer>true</isPlayer>
    <pawnSingular>Cassowary_tribesman</pawnSingular>
    <pawnsPlural>Cassowary_tribespeople</pawnsPlural>
    <basicMemberKind>Cassowary_Tribesperson</basicMemberKind>
		<techLevel>Neolithic</techLevel>
		<backstoryCategories>
			<li>Tribal</li>
		</backstoryCategories>
		<expandingIconTexture>World/WorldObjects/Expanding/Village</expandingIconTexture>
		<homeIconPath>World/WorldObjects/TribalSettlement</homeIconPath>
		<pawnNameMaker>NamerPersonTribal</pawnNameMaker>
    <playerInitialSettlementNameMaker>NamerInitialSettlementColony</playerInitialSettlementNameMaker>
    <factionNameMaker>NamerFactionTribal</factionNameMaker>
    <settlementNameMaker>NamerSettlementTribal</settlementNameMaker>
		<geneticVariance>1</geneticVariance>
    <forageabilityFactor>1.7</forageabilityFactor>
		<startingResearchTags>
      <li>TribalStart</li>
    </startingResearchTags>
    <hairTags>
      <li>Tribal</li>
    </hairTags>
    <apparelStuffFilter>
      <thingDefs>
        <li>Cloth</li>
      </thingDefs>
    </apparelStuffFilter>
    <recipePrerequisiteTags>
      <li>Tribal</li>
    </recipePrerequisiteTags>
    </FactionDef>-->

  <FactionDef ParentName="BirdPlayerFactionBase">
    <defName>Penguin_PlayerColony</defName>
    <label>Penguin New Arrivals</label>
    <description>A colony of recently-arrived off-worlders.</description>
    <isPlayer>true</isPlayer>
    <basicMemberKind>Penguin_Pirate</basicMemberKind>
    <pawnSingular>Penguin_Pirate</pawnSingular>
    <pawnsPlural>Penguin_Pirate</pawnsPlural>
    <techLevel>Industrial</techLevel>
    <backstoryCategories>
      <li>Civil</li>
    </backstoryCategories>
    <expandingIconTexture>World/WorldObjects/Expanding/Town</expandingIconTexture>
    <playerInitialSettlementNameMaker>NamerInitialSettlementColony</playerInitialSettlementNameMaker>
		<factionNameMaker>NamerFactionOutlander</factionNameMaker>
    <settlementNameMaker>NamerSettlementOutlander</settlementNameMaker>
    <geneticVariance>1</geneticVariance>
		<startingResearchTags>
			<li>ClassicStart</li>
		</startingResearchTags>
		<hairTags>
			<li>Urban</li>
		</hairTags>
		<apparelStuffFilter>
			<thingDefs>
				<li>Synthread</li>
			</thingDefs>
		</apparelStuffFilter>
  </FactionDef>

</Defs>
