﻿<?xml version="1.0" encoding="utf-8" ?>
<Defs>

  <PawnKindDef Abstract="True" Name="BaseDodoPlayerPawnKind">
    <race>Alien_Dodo</race>
    <combatPower>30</combatPower>
    <isFighter>false</isFighter>
    <apparelIgnoreSeasons>true</apparelIgnoreSeasons>
    <forceNormalGearQuality>true</forceNormalGearQuality>
  </PawnKindDef>

  <PawnKindDef ParentName="BaseDodoPlayerPawnKind">
    <defName>Dodo_Tribesperson</defName>
    <label>member</label>
    <defaultFactionType>PlayerTribe</defaultFactionType>
    <backstoryCategories>
      <li>Tribal</li>
    </backstoryCategories>
    <chemicalAddictionChance>0.05</chemicalAddictionChance>
    <apparelTags>
      <li>Neolithic</li>
    </apparelTags>
    <apparelMoney>
      <min>200</min>
      <max>200</max>
    </apparelMoney>
    <backstoryCryptosleepCommonality>0</backstoryCryptosleepCommonality>
    <techHediffsMoney>
      <min>50</min>
      <max>50</max>
    </techHediffsMoney>
    <techHediffsTags>
      <li>Poor</li>
    </techHediffsTags>
    <techHediffsChance>0.02</techHediffsChance>
  </PawnKindDef>

</Defs>