﻿<?xml version="1.0" encoding="utf-8" ?>
<Defs>
<AlienRace.RaceSettings>
        <defName>ChickenManRaceSettings</defName>
<pawnKindSettings>
            <startingColonists>
				                <li>
                    <pawnKindEntries>
                        <li>
                            <kindDefs>
                                <li>Dodo_Tribesperson</li>
                            </kindDefs>
                            <chance>10.0</chance>
                        </li>
                    </pawnKindEntries>
                    <factionDefs>
                        <li>PlayerTribe</li> 
                    </factionDefs>
                </li>
            </startingColonists>
            <alienwandererkinds>
                <li>
                    <pawnKindEntries>
                        <li>
                            <kindDefs>
                                <li>Dodo_Tribesperson</li>
                            </kindDefs>
                            <chance>10.0</chance>
                        </li>
                    </pawnKindEntries>
                    <factionDefs>
                        <li>PlayerColony</li> 
                        <li>PlayerTribe</li> 
                    </factionDefs>
                </li>
            </alienwandererkinds>
            <alienslavekinds>
			<li>
				<kindDefs>
				<li>Dodo_Tribesperson</li>
				</kindDefs>
				<chance>10.0</chance>
			</li>
            </alienslavekinds>
		<alienrefugeekinds>
			<li>
				<kindDefs>
				<li>Dodo_Tribesperson</li>
				</kindDefs>
				<chance>10.0</chance>
			</li>
		</alienrefugeekinds>
            </pawnKindSettings>
</AlienRace.RaceSettings>
</Defs>